No,Nama,Jenis Kelamin,Kelas Awal
1,Agatta Kay Sella Sormin,P,7a
2,Agustinus Robert Tua Tambunan,L,7a
3,Alisya Kirana,P,7a
4,Calista Anggriani Marbun,P,7a
5,Chiren Amanda P, Silitonga,P,7a
6,Dini Elisabet Dongoran,P,7a
7,Dolok Maruarar Pakpahan,L,7a
8,Epifaniya Lebora Dongoran,P,7a
9,Heni Sianturi,P,7a
10,Ipan Satria Harianja,L,7a
11,Irhamna Faizul Pakpahan,L,7a
12,Kevin Laurensius Sormin,L,7a
13,Manganju A,V Marbun,L,7a
14,Marcel Sijabat,L,7a
15,Mateus Martuani Panjaitan,L,7a
16,Mega Rias Riyani Azzahra,P,7a
17,MIKAEL KEVIN WESLI SORMIN,L,7a
18,Mike Roida Sormin,P,7a
19,MORA SINTIA PAKPAHAN,P,7a
20,Nadine Benedicta Naibaho,L,7a
21,Nazryl F, Tampubolon,L,7a
22,Novia Husna Pakpahan,P,7a
23,OSRA IGNASIUS GULTOM,L,7a
24,Paska Kristian Pakpahan,P,7a
25,Petrus Risandi Pakpahan,P,7a
26,Puput Yuni  Br, Matondang,L,7a
27,Ridho Efendi Pakpahan,P,7a
28,Ro Rezeky Simatupang,L,7a
29,Santa Debora Teresia Sianturi,P,7a
30,Teuku Robbi Alamsyah Bastari,L,7a
31,THERESIA ROSALINDA NDRURU,P,7a
32,Tiara Yosephine Sormin,P,7a
33,Alfredo Pakpahan,L,7b
34,Anugrah Harianja,L,7b
35,Ardi Pakpahan,L,7b
36,Boaz Jonathan Sormin,L,7b
37,Citra Dewi Panjaitan,P,7b
38,Dian Juniar Gultom,P,7b
39,Dikky Ryan Maranatah Sormin,L,7b
40,Doli Karunia Tambunan,L,7b
41,ERAWATI PAKPAHAN,P,7b
42,Ervin Alparis Panjaitan,L,7b
43,HELMAN BINSAR PAKPAHAN,L,7b
44,Ica Stefany Gultom,P,7b
45,Imelda Rosmawati Silalahi,P,7b
46,Kalvin Cleopatra Tambunan,L,7b
47,Kevin Bincar Hatuaon Pakpahan,L,7b
48,Kristin Debora Gultom,P,7b
49,Lhoisa Pakpahan,P,7b
50,MAGDALENA SIHOMBING,P,7b
51,Martha Silitonga,P,7b
52,Marvel Liberson Sormin,L,7b
53,Michel Jeisen Panjaitan,L,7b
54,Mikha Bunga Aulia Harianja,P,7b
55,Pirman Muliadi Pakpahan,L,7b
56,RIDO PRANSISKO SORMIN,L,7b
57,Rohot Reynhad Geovani Sormin,L,7b
58,Rosianna Gultom,P,7b
59,Sadrak Pakpahan,L,7b
60,Tumpal Paniroi Pakpahan,L,7b
61,Welldy Natanael Harianja,L,7b
62,YORA ROMIAN WIDYANATA SIMANJUNTAK,P,7b
63,Zevanya Pakpahan,L,7b
64,Adika Rivaldo Salomo Harianja,L,7c
65,Andri Sigiron Pakpahan,L,7c
66,Anjai P, Tan,L,7c
67,Beniqno Harianja,L,7c
68,Chrystin Natalia Sormin,P,7c
69,CRISTIAN GULTOM,L,7c
70,Cristmayer BH, Pakpahan,L,7c
71,Deni Chandra Silitonga,L,7c
72,Elisa Gultom,P,7c
73,Gabriel Gamel Khan Sormin,L,7c
74,GIDEON EFAPRAS PAKPAHAN,L,7c
75,Gloria Pakpahan,P,7c
76,Ira Olivia Purba,P,7c
77,Jelita Pakpahan,P,7c
78,JERICO SIMAMORA,L,7c
79,Juan Tigor Silitonga,L,7c
80,JULIANDA DESWITA PAKPAHAN,P,7c
81,Kesya Cecilia Jahsya Harianja,P,7c
82,Krisli Porsian Sirait,L,7c
83,Lamria Nurmawati Simatupang,P,7c
84,Laura Virgo Oktavia Sormin,P,7c
85,Miracle Pakpahan,P,7c
86,PATTAS EBRIAN TAMBUNAN,L,7c
87,Pildes Baim Sormin,P,7c
88,Piona Miranda Pakpahan,P,7c
89,Putri Keyza Dongoran,P,7c
90,Renghart Harianja,L,7c
91,Santi Rouli Sormin,P,7c
92,Talitha Fides Pakpahan,P,7c
93,Tasya Novita Pakpahan,P,7c
94,Yosi Wiranda Silaban,P,7c
95,ZESSEN ASIDO BARTHOLDY GULTOM,L,7c
96,Aditya Sormin,L,7d
97,ALFREDO KRISTIAN SAPUTRA TAMBA,L,7d
98,AMELIA INDAH PAKPAHAN,P,7d
99,Andrean Agustinus Gultom,P,7d
100,Armin Dita Panjaitan,L,7d
101,Calista Pakpahan,P,7d
102,Dela Tiona Pakpahan,P,7d
103,Dewi Fransiska Lase,P,7d
104,Ekaputra Ramdani Prasetyo,L,7d
105,Erifa Yosepin Nainggolan,P,7d
106,Fandri Susanto Pakpahan,L,7d
107,Fiona Pakpahan,P,7d
108,GRANITA PAKPAHAN,P,7d
109,Heldiora Pakpahan,P,7d
110,Indra Sugandi Sormin,L,7d
111,Jesica Natasya Sormin,P,7d
112,JOEL AVENTRI GULTOM,L,7d
113,Jona Daut Sormin,L,7d
114,Lenta Gultom,P,7d
115,MUSTIKA PAKPAHAN,P,7d
116,Noel Ricardo Gultom,L,7d
117,RANNY PAKPAHAN,P,7d
118,Revi Sintia Pakpahan,P,7d
119,Rika Ervina Sormin,P,7d
120,Rini Rahayu Enjelina Sihombing,P,7d
121,Rohani Limbong,P,7d
122,Samario Sianturi,L,7d
123,Siska Septiani Harianja,P,7d
124,Sonny Pantun Saputra Harianja,L,7d
125,Sriniati Elisabeth Harianja,P,7d
126,Tabita Pretti Pakpahan,P,7d
127,UCCUK GULTOM,L,7d
128,ANA LAURA PAKPAHAN,P,7e
129,Angelica Novita Pauline Tambunan,P,7e
130,Beatrice Rogate Harianja,P,7e
131,Deby E,L Tambunan,P,7e
132,Dela Elisabet Tanjung,P,7e
133,Elisabet Kristiani Harianja,P,7e
134,GRACIA FANISA INDRI TAMBUNAN,P,7e
135,Gresya Rosindah Pakpahan,P,7e
136,Hesekiel Tambunan,L,7e
137,Iernest Margareth Pakpahan,P,7e
138,Jeremia Mardongan Nababan,L,7e
139,Jeremia Pebryan Pakpahan,L,7e
140,Joshua Nigel Hutagaol,L,7e
141,Kristin Aprilaresa Harianja,P,7e
142,LIANA VERONIKA SIJABAT,P,7e
143,Maria Denyati Gultom,P,7e
144,Melva Simanungkalit,P,7e
145,Nadia Gultom,P,7e
146,NADYAH TAMBUNAN,P,7e
147,Necia F,Sihombing,P,7e
148,Neysa Evelin Silitonga,P,7e
149,Priko Bagus Siregar,L,7e
150,Rafael Benitez Gultom,L,7e
151,Ramses Gultom,L,7e
152,Rejeki Simanjuntak,L,7e
153,Repan Immanuel Silitonga,L,7e
154,Rifka Agatha Harianja,P,7e
155,Romian Rhinjani Harianja,P,7e
156,SARAH GULTOM,P,7e
157,Yohana Isabela Tambunan,P,7e
158,Yosua Elfrendy Tobing,L,7e
159,Agnes Monica Pakpahan,P,7f
160,ANDRE PARULIAN HUTAJULU,L,7f
161,ARIPAL PAKPAHAN,L,7f
162,Armina Devi Panjaitan,P,7f
163,Aron Dava Panjaitan,P,7f
164,Claralita Harianja,P,7f
165,Devi Andrianti Sormin,P,7f
166,Doan Ebenezer Pakpahan,L,7f
167,Eduardo Hot Tua Pasaribu,L,7f
168,Exapandi Maruli Tua Gultom,L,7f
169,Franeka Sofiana Pakpahan,P,7f
170,Gihon Derrik Harianja,L,7f
171,Glen Abel Pakpahan,L,7f
172,ILDA NIAWATI HASUGIAN,P,7f
173,INDAH CITRA VALENSYA PAKPAHAN,P,7f
174,Klinton Silitonga,L,7f
175,Marolop Tua Silitonga,L,7f
176,MENTARI AGUSTINA H, SIMANJUNTAK,P,7f
177,Natalia Siregar,P,7f
178,Nikolas Maloni Sormin,L,7f
179,REFLI NATANAEL PAKPAHAN,L,7f
180,RENTINA APRILIA PANJAITAN,P,7f
181,Rizal Renaldo Pakpahan,L,7f
182,Safril Pakpahan,L,7f
183,Satria Srimuliani Gultom,L,7f
184,Sri Willy Dea Dongoran,L,7f
185,Timothy Nigor Hutagaol,L,7f
186,Williams Maranatha Harianja,L,7f
187,YOSUA PARDAMEAN GULTOM,L,7f
188,Yusup Rafael Pakpahan,L,7f
189,ANDRA ELIAKIM PAKPAHAN,L,7g
190,ARIF KRISVIN TAMBUNAN,L,7g
191,Charil Olivia Pakpahan,P,7g
192,Daniel Pakpahan,L,7g
193,DAPIT MARTOHONAN PAKPAHAN,L,7g
194,Delon Pakpahan,L,7g
195,Dwina Greynesia Pakpahan,P,7g
196,Eliezer Parhehean Pakpahan,L,7g
197,Erin Ayu Putri Pakpahan,P,7g
198,FAJAR HEZKIEL SIMANJUNTAK,L,7g
199,Geral Roman Steven Sormin,L,7g
200,Gresya Januari Gultom,P,7g
201,Immanuel Sahala Raja Pakpahan,L,7g
202,Irwansyah Gultom,L,7g
203,JONATAN PAKPAHAN,L,7g
204,Jovita Dame Riani Sitorus,P,7g
205,Lela Sari Pakpahan,P,7g
206,Marvel Pan Rahel Pakpahan,L,7g
207,Merry Cristina Pakpahan,P,7g
208,Michael Billkates Harianja,L,7g
209,Nehemia Kezia Gultom,L,7g
210,Olani Pajojor Gultom,L,7g
211,RIEL JANFRIEDO GULTOM,L,7g
212,RUMINI NATASYA PAKPAHAN,P,7g
213,Simon Lanjut Rodaniel Sormin,L,7g
214,Sofia Zefanya Gultom,P,7g
215,Tiara Paulina Pakpahan,P,7h
216,VALENTIN AUDINA PAKPAHAN,P,7h
217,Widia Harianja,P,7h
218,Andri Parulian Gultom,L,7h
219,ANGELIA DERMAWANI GULTOM,P,7h
220,Bella Rauli Siahaan,P,7h
221,BONA RINO HATORANGAN TAMBUNAN,L,7h
222,BRIVYOGA ELIUD SORMIN,L,7h
223,CINDY AUDINA SIMANJUNTAK,P,7h
224,Cristian Pakpahan,P,7h
225,Dessianna Fanny Harianja,P,7h
226,EFRAN RAMIRES PAKPAHAN,L,7h
227,Erlan Sopian Pakpahan,L,7h
228,Favian Lumbantobing,L,7h
229,Gleonardi Pakpahan,L,7h
230,JONATHAN PAKPAHAN,L,7h
231,Kezya Ronauli Gultom,P,7h
232,Marsinta Clara Sriyanti Situmorang,P,7h
233,Mei Violencia Sormin,P,7h
234,Meylita Indriani Tambunan,P,7h
235,Michael Fhary Gonzales Pakpahan,L,7h
236,Mulyadi Pakpahan,L,7h
237,Nova Perjuani Manurung,P,7h
238,Presly Perdana Putra Silitonga,L,7h
239,Rachel Anastasya Siagian,P,7h
240,Riena J Pakpahan,P,7h
241,Roma Rohulna Pakpahan,L,7h
242,Rupinna Tambunan,P,7h
243,SANRO HAMONANGAN SIBURIAN,L,7h
244,SEM FELIX PAKPAHAN,L,7h
245,Sharah Marcaulina Br,Regar,P,7h
246,TIOLENTINA TAMBUNAN,P,7h
247,YEBIDA SEPTRIANI PAKPAHAN,P,7h
